{
  "CAGR": 0.08192917456603865,
  "Sharpe": 0.6486581205977097,
  "AnnVol": 0.10664848455432109,
  "MaxDD": -0.20931348525567206,
  "TotalReturn": 4.187625264670412,
  "AvgTurnover": 0.07746831132926767
}