{
  "CAGR": 0.11032130919267003,
  "Sharpe": 0.8527763798180652,
  "AnnVol": 0.13333608042820183,
  "MaxDD": -0.21418092021936053,
  "TotalReturn": 6.948099191825977,
  "AvgTurnover": 0.06281075038387099
}